Producto,Categoría,Subcategoría
Bicicleta MTB,Bicicletas,Mountain Bike (MTB)-
Bicicleta Ruta,Bicicletas,Ruta
Bicicleta Gravel,Bicicletas,Gravel / All Road
Bicicleta Urbana,Bicicletas,Urbana / City
Bicicleta Plegable,Bicicletas,Plegables
Bicicleta Eléctrica (E-Bike),Bicicletas,Eléctricas
Bicicleta Infantil,Bicicletas,Infantil
Bicicleta BMX,Bicicletas,BMX
Bicicleta Enduro,Bicicletas,Enduro
Bicicleta Downhill,Bicicletas,Downhill
Bicicleta XC,Bicicletas,XC (Cross Country)
Bicicleta Trail,Bicicletas,Trail
Bicicleta Triatlón,Bicicletas,Triatlón / TT
Bicicleta Fixie,Bicicletas,Fixie / Single Speed
Bicicleta Touring,Bicicletas,Touring / Cicloturismo
Bicicleta Cargo,Bicicletas,Cargo
Bicicleta Paseo,Bicicletas,Paseo
Bicicleta Fatbike,Bicicletas,Fatbike
Bicicleta Dirt Jump,Bicicletas,Dirt Jump
Bicicleta BMX Race,Bicicletas,BMX
Bicicleta E-MTB,Bicicletas,Eléctricas
Bicicleta E-Ruta,Bicicletas,Eléctricas
Bicicleta E-Urbana,Bicicletas,Eléctricas
Bicicleta Balance (sin pedales),Bicicletas,Infantil
Bicicleta 24'' Niño,Bicicletas,Infantil
Bicicleta 20'' Niño,Bicicletas,Infantil
Bicicleta 16'' Niño,Bicicletas,Infantil
Bicicleta 12'' Niño,Bicicletas,Infantil
Bicicleta Ruta Aero,Bicicletas,Ruta
Bicicleta Gravel Carbono,Bicicletas,Gravel / All Road
Casco,Accesorios,Cascos
Casco Urbano,Accesorios,Cascos
Casco Integral,Accesorios,Cascos
Luz Delantera,Accesorios,Iluminación
Luz Trasera,Accesorios,Iluminación
Kit Luces,Accesorios,Iluminación
Reflectante,Accesorios,Seguridad
Timbre,Accesorios,Seguridad
Espejo Retrovisor,Accesorios,Seguridad
Chaleco Reflectante,Accesorios,Seguridad
Candado U-Lock,Accesorios,Seguridad
Candado Cadena,Accesorios,Seguridad
Candado Cable,Accesorios,Seguridad
Alarma Antirrobo,Accesorios,Seguridad
Bomba de Pie,Accesorios,Herramientas
Bomba Portátil,Accesorios,Herramientas
Inflador CO2,Accesorios,Herramientas
Cartucho CO2,Accesorios,Herramientas
Multiherramienta,Accesorios,Herramientas
Llave Allen,Accesorios,Herramientas
Llave Torx,Accesorios,Herramientas
Extractor de Piñón,Accesorios,Herramientas
Extractor de Bielas,Accesorios,Herramientas
Llave de Cadena,Accesorios,Herramientas
Corta Cadena,Accesorios,Herramientas
Medidor de Desgaste de Cadena,Accesorios,Herramientas
Desmontables,Accesorios,Herramientas
Kit Parches,Accesorios,Reparación
Parche Autoadhesivo,Accesorios,Reparación
Parche Tradicional,Accesorios,Reparación
Pegamento para Parches,Accesorios,Reparación
Kit Tubeless (Accesorio),Accesorios,Tubeless
Mechas Tubeless,Accesorios,Tubeless
Herramienta Mechas Tubeless,Accesorios,Tubeless
Cinta Tubeless,Accesorios,Tubeless
Sellante Tubeless,Accesorios,Tubeless
Válvula Tubeless,Accesorios,Tubeless
Caramagiola,Accesorios,Caramagiolas y Botellas
Porta Caramagiola,Accesorios,Caramagiolas y Botellas
Mochila Hidratación,Accesorios,Hidratación
Bolso Sillín,Accesorios,Bolsos
Bolso Cuadro,Accesorios,Bolsos y Alforjas
Bolso Manubrio,Accesorios,Bolsos y Alforjas
Bolso Top Tube,Accesorios,Bolsos y Alforjas
Alforjas,Accesorios,Bolsos y Alforjas
Bolso Bikepacking,Accesorios,Bolsos y Alforjas
Bolsa Porta Herramientas,Accesorios,Bolsos y Alforjas
Parrilla Porta Equipaje,Accesorios,Transporte y Carga
Canasto,Accesorios,Transporte y Carga
Canasto Delantero,Accesorios,Transporte y Carga
Silla Infantil para Bicicleta,Accesorios,Transporte y Carga
Remolque Infantil,Accesorios,Transporte y Carga
Portabicicletas Auto,Accesorios,Transporte y Carga
Soporte Pared para Bicicleta,Accesorios,Almacenamiento
Rack Piso para Bicicleta,Accesorios,Almacenamiento
Cubrebicicleta,Accesorios,Almacenamiento
Ciclocomputador,Accesorios,Electrónica
GPS Ciclismo,Accesorios,Electrónica
Sensor Cadencia,Accesorios,Electrónica
Sensor Velocidad,Accesorios,Electrónica
Sensor Potencia,Accesorios,Electrónica
Monitor Cardíaco,Accesorios,Electrónica
Soporte Celular,Accesorios,Soportes y Monturas
Soporte Ciclocomputador,Accesorios,Soportes y Monturas
Soporte GPS,Accesorios,Soportes y Monturas
Camara de Acción,Accesorios,Electrónica
Rodillo Entrenamiento,Accesorios,Entrenamiento Indoor
Smart Trainer,Accesorios,Entrenamiento Indoor
Eje Rodillo (Adaptador),Accesorios,Entrenamiento Indoor
Alfombra Rodillo,Accesorios,Entrenamiento Indoor
Soporte Mantención,Accesorios,Taller
Soporte de Taller,Accesorios,Taller
Pata de Cabra,Accesorios,Urbano
Guardabarros,Accesorios,Urbano
Porta Equipaje Trasero,Accesorios,Transporte y Carga
Cubre Cadena,Accesorios,Urbano
Bocina,Accesorios,Seguridad
Lubricante Cadena,Accesorios,Mantención y Limpieza
Desengrasante,Accesorios,Mantención y Limpieza
Limpiador de Frenos,Accesorios,Mantención y Limpieza
Cepillo Limpieza,Accesorios,Mantención y Limpieza
Paño Microfibra,Accesorios,Mantención y Limpieza
Shampoo Bicicleta,Accesorios,Mantención y Limpieza
Protector Cuadro,Accesorios,Protección
Cinta Protectora,Accesorios,Protección
Sillín,Repuestos,Sillines y Tijas
Tija de Sillín,Repuestos,Sillines y Tijas
Tija Telescópica (Dropper),Repuestos,Sillines y Tijas
Abrazadera de Sillín,Repuestos,Sillines y Tijas
Rieles de Sillín,Repuestos,Sillines y Tijas
Manubrio,Repuestos,Manubrio y Cockpit
Potencia,Repuestos,Manubrio y Cockpit
Puños,Repuestos,Manubrio
Cinta de Manubrio,Repuestos,Manubrio y Cockpit
Extensiones Aerobar,Repuestos,Manubrio y Cockpit
Espaciadores,Repuestos,Dirección
Juego de Dirección,Repuestos,Dirección
Tapa Dirección,Repuestos,Dirección
Araña (Star Nut),Repuestos,Dirección
Horquilla,Repuestos,Suspensión
Horquilla de Suspensión,Repuestos,Suspensión
Amortiguador Trasero,Repuestos,Suspensión
Buje de Suspensión,Repuestos,Suspensión
Servicio Suspensión (Kit),Repuestos,Suspensión
Pedales Plataforma,Repuestos,Pedales
Pedales Automáticos,Repuestos,Pedales
Calas,Repuestos,Pedales
Straps Fixie,Repuestos,Pedales
Bielas,Repuestos,Transmisión
Plato,Repuestos,Transmisión
Plato Ovalado,Repuestos,Transmisión
Araña de Plato,Repuestos,Transmisión
Eje Pedalier (BB),Repuestos,Transmisión
Caja Pedalier Pressfit,Repuestos,Transmisión
Cadena,Repuestos,Transmisión
Piñón/Cassette,Repuestos,Transmisión
Piñón Libre,Repuestos,Transmisión
Cambio Trasero,Repuestos,Transmisión
Cambio Delantero,Repuestos,Transmisión
Shifters (Mandos),Repuestos,Transmisión
Pata de Cambio (Hanger),Repuestos,Transmisión
Tensor de Cadena,Repuestos,Transmisión
Guía Cadena,Repuestos,Transmisión
Rodillos/Jockeys,Repuestos,Transmisión
Cable de Cambio,Repuestos,Cables y Fundas
Funda de Cambio,Repuestos,Cables y Fundas
Cable de Freno,Repuestos,Cables y Fundas
Funda de Freno,Repuestos,Cables y Fundas
Terminales de Cable,Repuestos,Cables y Fundas
Freno Hidráulico,Repuestos,Frenos
Freno Mecánico,Repuestos,Frenos
Manilla de Freno,Repuestos,Frenos
Caliper de Freno,Repuestos,Frenos
Pastillas de Freno,Repuestos,Frenos
Zapatas de Freno,Repuestos,Frenos
Disco de Freno (Rotor),Repuestos,Frenos
Adaptador de Caliper,Repuestos,Frenos
Manguera Hidráulica,Repuestos,Frenos
Aceite Mineral,Repuestos,Frenos
Líquido DOT,Repuestos,Frenos
Kit Purgado Frenos,Repuestos,Frenos
Maza (Hub) Delantera,Repuestos,Ruedas
Maza (Hub) Trasera,Repuestos,Ruedas
Aro (Rim),Repuestos,Ruedas
Rayo,Repuestos,Ruedas
Nipple,Repuestos,Ruedas
Rueda Delantera,Repuestos,Ruedas
Rueda Trasera,Repuestos,Ruedas
Cuerpo de Núcleo (Freehub),Repuestos,Ruedas
Cierre Rápido (QR),Repuestos,Ejes y Cierres
Eje Pasante,Repuestos,Ejes y Cierres
Eje Delantero,Repuestos,Ejes y Cierres
Eje Trasero,Repuestos,Ejes y Cierres
Espaciadores de Eje,Repuestos,Ejes y Cierres
Rodamiento,Repuestos,Rodamientos
Kit Rodamientos,Repuestos,Rodamientos
Neumático MTB,Repuestos,Neumáticos y Cámaras
Neumático Ruta,Repuestos,Neumáticos y Cámaras
Neumático Gravel,Repuestos,Neumáticos y Cámaras
Neumático Urbano,Repuestos,Neumáticos y Cámaras
Camara de Acción,Repuestos,Neumáticos y Cámaras
Cámara Ruta,Repuestos,Neumáticos y Cámaras
Camara MTB,Repuestos,Neumáticos y Cámaras
Autosellante Camara,Repuestos,Neumáticos y Cámaras
Fondo de Llanta,Repuestos,Neumáticos y Cámaras
Válvula Presta,Repuestos,Neumáticos y Cámaras
Válvula Schrader,Repuestos,Neumáticos y Cámaras
Motor E-Bike,Repuestos,Eléctricas (E-Bike)
Batería E-Bike,Repuestos,Eléctricas (E-Bike)
Cargador E-Bike,Repuestos,Eléctricas (E-Bike)
Display E-Bike,Repuestos,Eléctricas (E-Bike)
Sensor Velocidad E-Bike,Repuestos,Eléctricas (E-Bike)
Tricota,Indumentaria,Tricotas
Tricota Manga Larga,Indumentaria,Tricotas
Calza Corta,Indumentaria,Calzas y Shorts
Calza Larga,Indumentaria,Calzas y Shorts
Bib Short,Indumentaria,Calzas y Shorts
Bib Tight,Indumentaria,Calzas y Shorts
Short MTB,Indumentaria,Calzas y Shorts
Chaqueta Cortaviento,Indumentaria,Chaquetas
Chaqueta Impermeable,Indumentaria,Chaquetas
Chaleco Cortaviento,Indumentaria,Chaquetas
Primera Capa,Indumentaria,Capas Base
Segunda Capa Térmica,Indumentaria,Capas Base
Guantes Largos,Indumentaria,Guantes
Guantes Cortos,Indumentaria,Guantes
Guantes Invierno,Indumentaria,Guantes
Calcetines Ciclismo,Indumentaria,Calcetines
Bandana/Buff,Indumentaria,Accesorios de Vestuario
Gorro Bajo Casco,Indumentaria,Accesorios de Vestuario
Cubre Zapatos,Indumentaria,Accesorios de Vestuario
Lentes Ciclismo,Indumentaria,Lentes
Zapatillas Ruta,Indumentaria,Zapatillas
Zapatillas MTB,Indumentaria,Zapatillas
Plantillas,Indumentaria,Zapatillas
Protecciones Rodilla,Indumentaria,Protecciones
Protecciones Codo,Indumentaria,Protecciones
Peto/Coraza,Indumentaria,Protecciones
Short Protección,Indumentaria,Protecciones
Guantes Downhill,Indumentaria,Guantes
Polera Casual,Indumentaria,Lifestyle
Pantalón MTB,Indumentaria,Lifestyle
Cubre Sillín,Accesorios,Fundas y Cojín
Luz,Accesorios,Iluminación
Luces,Accesorios,Iluminación
Camara,Repuestos,Neumáticos y Cámaras
Neumático,Repuestos,Neumáticos y Cámaras
Neumático MTB 30 TPI,Repuestos,Neumáticos y Cámaras
Neumático MTB 60 TPI,Repuestos,Neumáticos y Cámaras
Neumático Kevlar 60 TPI,Repuestos,Neumáticos y Cámaras
Neumático Tritec 60 TPI,Repuestos,Neumáticos y Cámaras
Neumático Ruta 60 TPI,Repuestos,Neumáticos y Cámaras
Casco MTB,Accesorios,Cascos
Casco Ruta,Accesorios,Cascos
Casco Enduro Abierto,Accesorios,Cascos
Casco Infantil,Accesorios,Cascos
