Base EAN13,Digito verificador,Código de Barras,Producto,Marca,Modelo,Cantidad a la mano,Atributo,Valores Atributo,Venta con IVA,Venta sin IVA,SKU Proveedor,Largo Envio,Ancho Envio,Alto Envio,Peso completo,Dimensiones Producto,Material,Proveedor,Precio de Costo,# Variantes de producto,Observaciones,Descripción para el sitio web,Descripción SEO,Referencia interna,Nombre Base,Nombre Comercial,Categoría de Punto de venta,Subcategoría,Volumen,Imagen,Categoría del Producto,Está Publicado,Rastrear Inventario,Etiquetas,Sitio web,Disponible en PdV
780999000029,7,7809990000297,Sillín,Genérico,Prostático,1,Color,Orange Negro,"$11,000","$9,244",A1155,280,150,100,455,310,"Cuero sintético,Espuma,Aluminio",MKR,"$6,771",1,Pesa 450 gramos con el carro y 350 gramos sin elcarro,"<div style=""padding:18px 22px; max-width:900px; margin:auto;""> <p style=""margin-bottom:14px;""> Sillín Genérico Prostático para bicicleta, pensado para quienes buscan una opción práctica para uso diario y salidas recreativas. </p> <p style=""margin-bottom:20px;""> Una alternativa simple para reemplazar un sillín desgastado y mantener una experiencia de pedaleo más cómoda, cuidando el ajuste y la posición según tu estilo de uso. </p> <!-- <p style=""margin-bottom:20px;""> [Párrafo 3 opcional] </p> --> <hr style=""margin:25px 0;""> <h3 style=""margin-bottom:12px;"">Especificaciones Técnicas</h3> <table style=""width:100%; border-collapse:collapse;""> <tr> <td style=""padding:8px; border-bottom:1px solid #ddd;""><b>Tipo de producto</b></td> <td style=""padding:8px; border-bottom:1px solid #ddd;"">Sillín</td> </tr> <tr> <td style=""padding:8px; border-bottom:1px solid #ddd;""><b>Marca</b></td> <td style=""padding:8px; border-bottom:1px solid #ddd;"">Genérico</td> </tr> <tr> <td style=""padding:8px; border-bottom:1px solid #ddd;""><b>Modelo</b></td> <td style=""padding:8px; border-bottom:1px solid #ddd;"">Prostático</td> </tr> <tr> <td style=""padding:8px; border-bottom:1px solid #ddd;""><b>Variante</b></td> <td style=""padding:8px; border-bottom:1px solid #ddd;"">Color: Orange Negro</td> </tr> <tr> <td style=""padding:8px; border-bottom:1px solid #ddd;""><b>Material</b></td> <td style=""padding:8px; border-bottom:1px solid #ddd;"">Cuero sintético,Espuma,Aluminio</td> </tr> <tr> <td style=""padding:8px; border-bottom:1px solid #ddd;""><b>Dimensiones Producto</b></td> <td style=""padding:8px; border-bottom:1px solid #ddd;"">310 gramos</td> </tr> <tr> <td style=""padding:8px; border-bottom:1px solid #ddd;""><b>Peso completo</b></td> <td style=""padding:8px; border-bottom:1px solid #ddd;"">455 gramos</td> </tr> <tr> <td style=""padding:8px; border-bottom:1px solid #ddd;""><b>Observaciones</b></td> <td style=""padding:8px; border-bottom:1px solid #ddd;"">Pesa 450 gramos con el carro y 350 gramos sin el carro</td> </tr> </table> </div>","Sillín Genérico Prostático para bicicleta, ideal para renovar la comodidad en tus salidas y traslados diarios.",SIL-GEN-PRO-O,Sillín Genérico Prostático,Sillín Genérico Prostático Orange Negro 310g,Repuestos,Sillines y Tijas,4200000,https://clubike.cl/imagenes/SIL-GEN-PRO-O.jpg,Repuestos / Sillines y Tijas,1,1,Ergonómico,Clubike,TRUE
780999000030,3,7809990000303,Sillín,Radical Mountain,Franjas Paralelas,2,Color,Amarillo Neón,"$9,900","$8,319",A2313,330,160,80,325,310,"Cuero sintético,Espuma,Aluminio",MKR,"$6,747",2,"No incluye carro, Prostatico","<div style=""padding:18px 22px; max-width:900px; margin:auto;""> <p style=""margin-bottom:14px;""> El sillín Radical Freedom es una opción funcional para ciclistas que buscan renovar su bicicleta con un sillín orientado a un uso cotidiano y recreativo. Su diseño está pensado para acompañar trayectos urbanos y salidas ocasionales con una sugerencia de apoyo cómodo. </p> <p style=""margin-bottom:20px;""> Adecuado como reemplazo de sillines desgastados, permite mantener una postura estable sobre la bicicleta, adaptándose a distintos estilos de pedaleo sin complicaciones en su uso general. </p> <!-- <p style=""margin-bottom:20px;""> [Párrafo 3 opcional] </p> --> <hr style=""margin:25px 0;""> <h3 style=""margin-bottom:12px;"">Especificaciones Técnicas</h3> <table style=""width:100%; border-collapse:collapse;""> <tr> <td style=""padding:8px; border-bottom:1px solid #ddd;""><b>Tipo de producto</b></td> <td style=""padding:8px; border-bottom:1px solid #ddd;"">Sillín</td> </tr> <tr> <td style=""padding:8px; border-bottom:1px solid #ddd;""><b>Marca</b></td> <td style=""padding:8px; border-bottom:1px solid #ddd;"">Radical</td> </tr> <tr> <td style=""padding:8px; border-bottom:1px solid #ddd;""><b>Modelo</b></td> <td style=""padding:8px; border-bottom:1px solid #ddd;"">Freedom</td> </tr> <tr> <td style=""padding:8px; border-bottom:1px solid #ddd;""><b>Variante</b></td> <td style=""padding:8px; border-bottom:1px solid #ddd;"">Color: Azul</td> </tr> <tr> <td style=""padding:8px; border-bottom:1px solid #ddd;""><b>Material</b></td> <td style=""padding:8px; border-bottom:1px solid #ddd;"">Cuero sintético, Espuma, Aluminio</td> </tr> <tr> <td style=""padding:8px; border-bottom:1px solid #ddd;""><b>Dimensiones Producto</b></td> <td style=""padding:8px; border-bottom:1px solid #ddd;"">—</td> </tr> <tr> <td style=""padding:8px; border-bottom:1px solid #ddd;""><b>Peso completo</b></td> <td style=""padding:8px; border-bottom:1px solid #ddd;"">—</td> </tr> </table> </div>","Sillín Radical Freedom para bicicleta, pensado para un uso recreativo y urbano con un enfoque en comodidad general durante el pedaleo.",SIL-RAD-FRA-A,Sillín Radical Mountain Franjas Paralelas,Sillín Radical Mountain Franjas Paralelas Amarillo Neón 310g,Repuestos,Sillines y Tijas,4224000,https://clubike.cl/imagenes/SIL-RAD-FRA-A.jpg,Repuestos / Sillines y Tijas,1,1,Ergonómico,Clubike,TRUE
780999000031,0,7809990000310,Sillín,Genérico,Upland,1,Color,Negro Pink,"$5,990","$5,034",,200,140,70,275,268,"Cuero sintético,Espuma,Aluminio",No registra,"$4,608",1,No incluye carro,"<div style=""padding:18px 22px; max-width:900px; margin:auto;""> <p style=""margin-bottom:14px;""> El sillín Genérico UPL está pensado para ciclistas que buscan una opción simple y funcional para el uso cotidiano de su bicicleta. Es adecuado para trayectos urbanos y paseos recreativos donde se prioriza una experiencia de pedaleo cómoda y estable. </p> <p style=""margin-bottom:20px;""> Ideal como reemplazo de un sillín desgastado, permite mantener una posición adecuada sobre la bicicleta, adaptándose a distintos tipos de uso sin requerir configuraciones especiales. </p> <!-- <p style=""margin-bottom:20px;""> [Párrafo 3 opcional] </p> --> <hr style=""margin:25px 0;""> <h3 style=""margin-bottom:12px;"">Especificaciones Técnicas</h3> <table style=""width:100%; border-collapse:collapse;""> <tr> <td style=""padding:8px; border-bottom:1px solid #ddd;""><b>Tipo de producto</b></td> <td style=""padding:8px; border-bottom:1px solid #ddd;"">Sillín</td> </tr> <tr> <td style=""padding:8px; border-bottom:1px solid #ddd;""><b>Marca</b></td> <td style=""padding:8px; border-bottom:1px solid #ddd;"">Genérico</td> </tr> <tr> <td style=""padding:8px; border-bottom:1px solid #ddd;""><b>Modelo</b></td> <td style=""padding:8px; border-bottom:1px solid #ddd;"">UPL</td> </tr> <tr> <td style=""padding:8px; border-bottom:1px solid #ddd;""><b>Variante</b></td> <td style=""padding:8px; border-bottom:1px solid #ddd;"">Color: Negro</td> </tr> <tr> <td style=""padding:8px; border-bottom:1px solid #ddd;""><b>Material</b></td> <td style=""padding:8px; border-bottom:1px solid #ddd;"">Cuero sintético, Espuma, Aluminio</td> </tr> <tr> <td style=""padding:8px; border-bottom:1px solid #ddd;""><b>Dimensiones Producto</b></td> <td style=""padding:8px; border-bottom:1px solid #ddd;"">280 g</td> </tr> <tr> <td style=""padding:8px; border-bottom:1px solid #ddd;""><b>Peso completo</b></td> <td style=""padding:8px; border-bottom:1px solid #ddd;"">430 g</td> </tr> </table> </div>","Sillín Genérico UPL para bicicleta, una alternativa práctica para uso diario y desplazamientos urbanos con un enfoque en comodidad general.",SIL-GEN-UPL-N,Sillín Genérico Upland,Sillín Genérico Upland Negro Pink 268g,Repuestos,Sillines y Tijas,1960000,https://clubike.cl/imagenes/SIL-GEN-UPL-N.jpg,Repuestos / Sillines y Tijas,1,1,Cómodo,Clubike,TRUE
780999000032,7,7809990000327,Sillín,Genérico,SSR Pro,1,Diseño,1,"$9,990","$8,395",,280,150,70,350,343,"Cuero sintético,Espuma,Aluminio",No registra,"$7,685",2,No incluye carro,"<div style=""padding:18px 22px; max-width:900px; margin:auto;""> <p style=""margin-bottom:14px;""> El sillín Genérico SSR Pro está orientado a ciclistas que buscan una alternativa práctica para el uso cotidiano de su bicicleta. Su diseño responde a un enfoque simple y funcional, adecuado para trayectos urbanos y salidas recreativas. </p> <p style=""margin-bottom:20px;""> Es una buena opción como reemplazo de sillines desgastados, permitiendo mantener una posición estable y cómoda durante el pedaleo, sin requerir configuraciones especiales. </p> <!-- <p style=""margin-bottom:20px;""> [Párrafo 3 opcional] </p> --> <hr style=""margin:25px 0;""> <h3 style=""margin-bottom:12px;"">Especificaciones Técnicas</h3> <table style=""width:100%; border-collapse:collapse;""> <tr> <td style=""padding:8px; border-bottom:1px solid #ddd;""><b>Tipo de producto</b></td> <td style=""padding:8px; border-bottom:1px solid #ddd;"">Sillín</td> </tr> <tr> <td style=""padding:8px; border-bottom:1px solid #ddd;""><b>Marca</b></td> <td style=""padding:8px; border-bottom:1px solid #ddd;"">Genérico</td> </tr> <tr> <td style=""padding:8px; border-bottom:1px solid #ddd;""><b>Modelo</b></td> <td style=""padding:8px; border-bottom:1px solid #ddd;"">SSR Pro</td> </tr> <tr> <td style=""padding:8px; border-bottom:1px solid #ddd;""><b>Variante</b></td> <td style=""padding:8px; border-bottom:1px solid #ddd;"">Diseño: 1</td> </tr> <tr> <td style=""padding:8px; border-bottom:1px solid #ddd;""><b>Material</b></td> <td style=""padding:8px; border-bottom:1px solid #ddd;"">Cuero sintético, Espuma, Aluminio</td> </tr> <tr> <td style=""padding:8px; border-bottom:1px solid #ddd;""><b>Dimensiones Producto</b></td> <td style=""padding:8px; border-bottom:1px solid #ddd;"">343 g</td> </tr> <tr> <td style=""padding:8px; border-bottom:1px solid #ddd;""><b>Peso completo</b></td> <td style=""padding:8px; border-bottom:1px solid #ddd;"">350 g</td> </tr> <tr> <td style=""padding:8px; border-bottom:1px solid #ddd;""><b>Observaciones</b></td> <td style=""padding:8px; border-bottom:1px solid #ddd;"">No incluye carro</td> </tr> </table> </div>","Sillín Genérico SSR Pro para bicicleta, una opción funcional para uso diario y recreativo, pensada para renovar la comodidad del pedaleo.",SIL-GEN-SSR-1,Sillín Genérico SSR Pro,Sillín Genérico SSR Pro 1 343g,Repuestos,Sillines y Tijas,2940000,https://clubike.cl/imagenes/SIL-GEN-SSR-1.jpg,Repuestos / Sillines y Tijas,1,1,Cómodo,Clubike,TRUE
780999000033,4,7809990000334,Sillín,Radical Mountain,Archipielágo,1,Color,Verde,"$9,900","$8,319",A2313,320,155,60,350,320,"Cuero sintético,Espuma,Aluminio",MKR,"$6,747",2,"No incluye carro, Prostatico","<div style=""padding:18px 22px; max-width:900px; margin:auto;""> <p style=""margin-bottom:14px;""> El sillín Radical Arc es una alternativa suggests para ciclistas que buscan una opción funcional para el uso cotidiano de su bicicleta. Está pensado para acompañar trayectos urbanos y salidas recreativas con una experiencia de pedaleo cómoda. </p> <p style=""margin-bottom:20px;""> Adecuado como reemplazo de un sillín desgastado, permite mantener una postura estable sobre la bicicleta, adaptándose a distintos estilos de uso sin requerir ajustes complejos. </p> <!-- <p style=""margin-bottom:20px;""> [Párrafo 3 opcional] </p> --> <hr style=""margin:25px 0;""> <h3 style=""margin-bottom:12px;"">Especificaciones Técnicas</h3> <table style=""width:100%; border-collapse:collapse;""> <tr> <td style=""padding:8px; border-bottom:1px solid #ddd;""><b>Tipo de producto</b></td> <td style=""padding:8px; border-bottom:1px solid #ddd;"">Sillín</td> </tr> <tr> <td style=""padding:8px; border-bottom:1px solid #ddd;""><b>Marca</b></td> <td style=""padding:8px; border-bottom:1px solid #ddd;"">Radical</td> </tr> <tr> <td style=""padding:8px; border-bottom:1px solid #ddd;""><b>Modelo</b></td> <td style=""padding:8px; border-bottom:1px solid #ddd;"">Arc</td> </tr> <tr> <td style=""padding:8px; border-bottom:1px solid #ddd;""><b>Variante</b></td> <td style=""padding:8px; border-bottom:1px solid #ddd;"">Color: Verde</td> </tr> <tr> <td style=""padding:8px; border-bottom:1px solid #ddd;""><b>Material</b></td> <td style=""padding:8px; border-bottom:1px solid #ddd;"">Cuero sintético, Espuma, Aluminio</td> </tr> <tr> <td style=""padding:8px; border-bottom:1px solid #ddd;""><b>Dimensiones Producto</b></td> <td style=""padding:8px; border-bottom:1px solid #ddd;"">—</td> </tr> <tr> <td style=""padding:8px; border-bottom:1px solid #ddd;""><b>Peso completo</b></td> <td style=""padding:8px; border-bottom:1px solid #ddd;"">—</td> </tr> </table> </div>","Sillín Radical Arc para bicicleta, diseñado para un uso recreativo y urbano, ideal para renovar la comodidad en el pedaleo diario.",SIL-RAD-ARC-V,Sillín Radical Mountain Archipielágo,Sillín Radical Mountain Archipielágo Verde 320g,Repuestos,Sillines y Tijas,2976000,https://clubike.cl/imagenes/SIL-RAD-ARC-V.jpg,Repuestos / Sillines y Tijas,1,1,Ergonómico,Clubike,TRUE
780999000034,1,7809990000341,Sillín,Genérico,SSR Pro,1,Diseño,2,"$9,990","$8,395",,280,150,70,350,343,"Cuero sintético,Espuma,Aluminio",No registra,"$7,685",2,No incluye carro,"<div style=""padding:18px 22px; max-width:900px; margin:auto;""> <p style=""margin-bottom:14px;""> El sillín Genérico SSR Pro está orientado a ciclistas que buscan una opción práctica para el uso cotidiano de su bicicleta. Su diseño responde a un enfoque simple y funcional, adecuado para trayectos urbanos y salidas recreativas. </p> <p style=""margin-bottom:20px;""> Es una buena alternativa para reemplazar un sillín desgastado y mantener una postura estable durante el pedaleo, adaptándose a distintos estilos de uso sin complicaciones. </p> <!-- <p style=""margin-bottom:20px;""> [Párrafo 3 opcional] </p> --> <hr style=""margin:25px 0;""> <h3 style=""margin-bottom:12px;"">Especificaciones Técnicas</h3> <table style=""width:100%; border-collapse:collapse;""> <tr> <td style=""padding:8px; border-bottom:1px solid #ddd;""><b>Tipo de producto</b></td> <td style=""padding:8px; border-bottom:1px solid #ddd;"">Sillín</td> </tr> <tr> <td style=""padding:8px; border-bottom:1px solid #ddd;""><b>Marca</b></td> <td style=""padding:8px; border-bottom:1px solid #ddd;"">Genérico</td> </tr> <tr> <td style=""padding:8px; border-bottom:1px solid #ddd;""><b>Modelo</b></td> <td style=""padding:8px; border-bottom:1px solid #ddd;"">SSR Pro</td> </tr> <tr> <td style=""padding:8px; border-bottom:1px solid #ddd;""><b>Variante</b></td> <td style=""padding:8px; border-bottom:1px solid #ddd;"">Diseño: 2</td> </tr> <tr> <td style=""padding:8px; border-bottom:1px solid #ddd;""><b>Material</b></td> <td style=""padding:8px; border-bottom:1px solid #ddd;"">Cuero sintético, Espuma, Aluminio</td> </tr> <tr> <td style=""padding:8px; border-bottom:1px solid #ddd;""><b>Dimensiones Producto</b></td> <td style=""padding:8px; border-bottom:1px solid #ddd;"">343 g</td> </tr> <tr> <td style=""padding:8px; border-bottom:1px solid #ddd;""><b>Peso completo</b></td> <td style=""padding:8px; border-bottom:1px solid #ddd;"">350 g</td> </tr> <tr> <td style=""padding:8px; border-bottom:1px solid #ddd;""><b>Observaciones</b></td> <td style=""padding:8px; border-bottom:1px solid #ddd;"">No incluye carro</td> </tr> </table> </div>","Sillín Genérico SSR Pro para bicicleta, una alternativa funcional para uso diario y recreativo, pensada para mantener una experiencia de pedaleo cómoda.",SIL-GEN-SSR-2,Sillín Genérico SSR Pro,Sillín Genérico SSR Pro 2 343g,Repuestos,Sillines y Tijas,2940000,https://clubike.cl/imagenes/SIL-GEN-SSR-2.jpg,Repuestos / Sillines y Tijas,1,1,Cómodo,Clubike,TRUE
780999000035,8,7809990000358,Sillín,Bianchi,Universal con Carro,2,Color,Negro,"$5,200","$4,370",A61417,310,190,100,475,336,"Cuero sintético,Espuma,Aluminio",Bianchi,"$3,094",1,Incluye carro,"<div style=""padding:18px 22px; max-width:900px; margin:auto;""> <p style=""margin-bottom:14px;""> El sillín Bianchi Uni está orientado a ciclistas que buscan una alternativa funcional para el uso cotidiano de su bicicleta. Su enfoque es simple y práctico, adecuado para desplazamientos urbanos y salidas recreativas. </p> <p style=""margin-bottom:20px;""> Ideal como reemplazo de un sillín desgastado, permite conservar una postura estable durante el pedaleo, adaptándose a distintos estilos de uso sin complicaciones. </p> <!-- <p style=""margin-bottom:20px;""> [Párrafo 3 opcional] </p> --> <hr style=""margin:25px 0;""> <h3 style=""margin-bottom:12px;"">Especificaciones Técnicas</h3> <table style=""width:100%; border-collapse:collapse;""> <tr> <td style=""padding:8px; border-bottom:1px solid #ddd;""><b>Tipo de producto</b></td> <td style=""padding:8px; border-bottom:1px solid #ddd;"">Sillín</td> </tr> <tr> <td style=""padding:8px; border-bottom:1px solid #ddd;""><b>Marca</b></td> <td style=""padding:8px; border-bottom:1px solid #ddd;"">Bianchi</td> </tr> <tr> <td style=""padding:8px; border-bottom:1px solid #ddd;""><b>Modelo</b></td> <td style=""padding:8px; border-bottom:1px solid #ddd;"">Uni</td> </tr> <tr> <td style=""padding:8px; border-bottom:1px solid #ddd;""><b>Variante</b></td> <td style=""padding:8px; border-bottom:1px solid #ddd;"">Color: Negro</td> </tr> <tr> <td style=""padding:8px; border-bottom:1px solid #ddd;""><b>Material</b></td> <td style=""padding:8px; border-bottom:1px solid #ddd;"">Cuero sintético, Espuma, Aluminio</td> </tr> <tr> <td style=""padding:8px; border-bottom:1px solid #ddd;""><b>Dimensiones Producto</b></td> <td style=""padding:8px; border-bottom:1px solid #ddd;"">—</td> </tr> <tr> <td style=""padding:8px; border-bottom:1px solid #ddd;""><b>Peso completo</b></td> <td style=""padding:8px; border-bottom:1px solid #ddd;"">—</td> </tr> </table> </div>","Sillín Bianchi Uni para bicicleta, una opción versátil para uso diario y recreativo, pensada para mantener comodidad en trayectos urbanos.",SIL-BIA-UNI-N,Sillín Bianchi Universal con Carro,Sillín Bianchi Universal con Carro Negro 336g,Repuestos,Sillines y Tijas,5890000,https://clubike.cl/imagenes/SIL-BIA-UNI-N.jpg,Repuestos / Sillines y Tijas,1,1,Cómodo,Clubike,TRUE
780999000036,5,7809990000365,Sillín,Bicycle,Estándar,1,Diseño,Fuego,"$6,990","$5,874",,240,150,90,301,192,"Cuero sintético,Espuma,Aluminio",No registra,"$5,377",1,Incluye carro,"<div style=""padding:18px 22px; max-width:900px; margin:auto;""> <p style=""margin-bottom:14px;""> El sillín Bicycle Estándar está pensado para ciclistas que buscan una alternativa simple y funcional para el uso cotidiano de su bicicleta. Es una opción práctica para trayectos urbanos y paseos recreativos. </p> <p style=""margin-bottom:20px;""> Útil como reemplazo de un sillín desgastado, ayuda a mantener una posición de pedaleo estable y cómoda, con un enfoque directo en el uso diario. </p> <!-- <p style=""margin-bottom:20px;""> [Párrafo 3 opcional] </p> --> <hr style=""margin:25px 0;""> <h3 style=""margin-bottom:12px;"">Especificaciones Técnicas</h3> <table style=""width:100%; border-collapse:collapse;""> <tr> <td style=""padding:8px; border-bottom:1px solid #ddd;""><b>Tipo de producto</b></td> <td style=""padding:8px; border-bottom:1px solid #ddd;"">Sillín</td> </tr> <tr> <td style=""padding:8px; border-bottom:1px solid #ddd;""><b>Marca</b></td> <td style=""padding:8px; border-bottom:1px solid #ddd;"">Bicycle</td> </tr> <tr> <td style=""padding:8px; border-bottom:1px solid #ddd;""><b>Modelo</b></td> <td style=""padding:8px; border-bottom:1px solid #ddd;"">Estándar</td> </tr> <tr> <td style=""padding:8px; border-bottom:1px solid #ddd;""><b>Variante</b></td> <td style=""padding:8px; border-bottom:1px solid #ddd;"">Diseño: Fuego</td> </tr> <tr> <td style=""padding:8px; border-bottom:1px solid #ddd;""><b>Material</b></td> <td style=""padding:8px; border-bottom:1px solid #ddd;"">Cuero sintético, Espuma, Aluminio</td> </tr> <tr> <td style=""padding:8px; border-bottom:1px solid #ddd;""><b>Dimensiones Producto</b></td> <td style=""padding:8px; border-bottom:1px solid #ddd;"">192 g</td> </tr> <tr> <td style=""padding:8px; border-bottom:1px solid #ddd;""><b>Peso completo</b></td> <td style=""padding:8px; border-bottom:1px solid #ddd;"">301 g</td> </tr> <tr> <td style=""padding:8px; border-bottom:1px solid #ddd;""><b>Observaciones</b></td> <td style=""padding:8px; border-bottom:1px solid #ddd;"">Incluye carro</td> </tr> </table> </div>","Sillín Bicycle Estándar para bicicleta, una opción práctica para uso diario y salidas recreativas. Ideal para renovar tu sillín y mantener una experiencia de pedaleo cómoda.",SIL-BIC-EST-F,Sillín Bicycle Estándar,Sillín Bicycle Estándar Fuego 192g,Repuestos,Sillines y Tijas,3240000,https://clubike.cl/imagenes/SIL-BIC-EST-F.jpg,Repuestos / Sillines y Tijas,1,1,Cómodo,Clubike,TRUE
780999000037,2,7809990000372,Sillín,Genérico,Infantil,1,Diseño,Listones,"$7,990","$6,714",,240,150,90,371,261,"Cuero sintético,Espuma,Aluminio",No registra,"$6,146",1,Incluye carro,"<div style=""padding:18px 22px; max-width:900px; margin:auto;""> <p style=""margin-bottom:14px;""> El sillín Genérico modelo Infantil es una alternativa simple y funcional para renovar el sillín de tu bicicleta cuando buscas un reemplazo práctico para el uso cotidiano. </p> <p style=""margin-bottom:20px;""> Ideal para quienes prefieren una opción directa y fácil de integrar en su bicicleta, manteniendo una experiencia de pedaleo cómoda para salidas recreativas y traslados habituales. </p> <!-- <p style=""margin-bottom:20px;""> [Párrafo 3 opcional] </p> --> <hr style=""margin:25px 0;""> <h3 style=""margin-bottom:12px;"">Especificaciones Técnicas</h3> <table style=""width:100%; border-collapse:collapse;""> <tr> <td style=""padding:8px; border-bottom:1px solid #ddd;""><b>Tipo de producto</b></td> <td style=""padding:8px; border-bottom:1px solid #ddd;"">Sillín</td> </tr> <tr> <td style=""padding:8px; border-bottom:1px solid #ddd;""><b>Marca</b></td> <td style=""padding:8px; border-bottom:1px solid #ddd;"">Genérico</td> </tr> <tr> <td style=""padding:8px; border-bottom:1px solid #ddd;""><b>Modelo</b></td> <td style=""padding:8px; border-bottom:1px solid #ddd;"">Infantil</td> </tr> <tr> <td style=""padding:8px; border-bottom:1px solid #ddd;""><b>Variante</b></td> <td style=""padding:8px; border-bottom:1px solid #ddd;"">Diseño: Listones</td> </tr> <tr> <td style=""padding:8px; border-bottom:1px solid #ddd;""><b>Material</b></td> <td style=""padding:8px; border-bottom:1px solid #ddd;"">Cuero sintético,Espuma,Aluminio</td> </tr> <tr> <td style=""padding:8px; border-bottom:1px solid #ddd;""><b>Dimensiones Producto</b></td> <td style=""padding:8px; border-bottom:1px solid #ddd;"">261 g</td> </tr> <tr> <td style=""padding:8px; border-bottom:1px solid #ddd;""><b>Peso completo</b></td> <td style=""padding:8px; border-bottom:1px solid #ddd;"">371 g</td> </tr> <tr> <td style=""padding:8px; border-bottom:1px solid #ddd;""><b>Observaciones</b></td> <td style=""padding:8px; border-bottom:1px solid #ddd;"">Incluye carro</td> </tr> </table> </div>","Sillín Genérico Infantil para bicicleta, una opción práctica para reemplazo y uso recreativo en el día a día.",SIL-GEN-INF-L,Sillín Genérico Infantil,Sillín Genérico Infantil Listones 261g,Repuestos,Sillines y Tijas,3240000,https://clubike.cl/imagenes/SIL-GEN-INF-L.jpg,Repuestos / Sillines y Tijas,1,1,"Infantil, Cómodo",Clubike,TRUE
780999000038,9,7809990000389,Sillín,LeTour,MTB,1,Diseño,Wlogo,"$8,900","$7,479",1052,260,170,100,587,451,"Cuero sintético,Espuma,Aluminio",No registra,"$6,846",1,Incluye carro,"<div style=""padding:18px 22px; max-width:900px; margin:auto;""> <p style=""margin-bottom:14px;""> El sillín LeTour modelo MTB es una alternativa funcional para quienes buscan renovar el sillín de su bicicleta con una opción simple y práctica para el día a día. </p> <p style=""margin-bottom:20px;""> Recomendado como reemplazo cuando el sillín original ya está desgastado, ayudando a mantener una postura estable y una sensación de uso más cómoda en trayectos urbanos o salidas recreativas. </p> <!-- <p style=""margin-bottom:20px;""> [Párrafo 3 opcional] </p> --> <hr style=""margin:25px 0;""> <h3 style=""margin-bottom:12px;"">Especificaciones Técnicas</h3> <table style=""width:100%; border-collapse:collapse;""> <tr> <td style=""padding:8px; border-bottom:1px solid #ddd;""><b>Tipo de producto</b></td> <td style=""padding:8px; border-bottom:1px solid #ddd;"">Sillín</td> </tr> <tr> <td style=""padding:8px; border-bottom:1px solid #ddd;""><b>Marca</b></td> <td style=""padding:8px; border-bottom:1px solid #ddd;"">LeTour</td> </tr> <tr> <td style=""padding:8px; border-bottom:1px solid #ddd;""><b>Modelo</b></td> <td style=""padding:8px; border-bottom:1px solid #ddd;"">MTB</td> </tr> <tr> <td style=""padding:8px; border-bottom:1px solid #ddd;""><b>Variante</b></td> <td style=""padding:8px; border-bottom:1px solid #ddd;"">Diseño: Wlogo</td> </tr> <tr> <td style=""padding:8px; border-bottom:1px solid #ddd;""><b>Material</b></td> <td style=""padding:8px; border-bottom:1px solid #ddd;"">Cuero sintético,Espuma,Aluminio</td> </tr> <tr> <td style=""padding:8px; border-bottom:1px solid #ddd;""><b>Dimensiones Producto</b></td> <td style=""padding:8px; border-bottom:1px solid #ddd;"">451 g</td> </tr> <tr> <td style=""padding:8px; border-bottom:1px solid #ddd;""><b>Peso completo</b></td> <td style=""padding:8px; border-bottom:1px solid #ddd;"">587 g</td> </tr> <tr> <td style=""padding:8px; border-bottom:1px solid #ddd;""><b>Observaciones</b></td> <td style=""padding:8px; border-bottom:1px solid #ddd;"">Incluye carro</td> </tr> </table> </div>","Sillín LeTour MTB para bicicleta, una opción práctica para reemplazo y uso diario o recreativo. Ideal para mantener una experiencia de pedaleo cómoda en tus salidas.",SIL-LET-MTB-W,Sillín LeTour MTB,Sillín LeTour MTB Wlogo 451g,Repuestos,Sillines y Tijas,4420000,https://clubike.cl/imagenes/SIL-LET-MTB-W.jpg,Repuestos / Sillines y Tijas,1,1,"MTB, Montaña, Cómodo",Clubike,TRUE
780999000039,6,7809990000396,Sillín,Genérico,Paseo,1,Color,Negro,"$7,500","$6,303",,265,210,110,900,794,"Cuero sintético,Espuma,Aluminio",No registra,"$5,769",1,Incluye carro,"<div style=""padding:18px 22px; max-width:900px; margin:auto;""> <p style=""margin-bottom:14px;""> El sillín Genérico Paseo está pensado para quienes buscan una alternativa simple y funcional para el uso cotidiano de la bicicleta, con un enfoque en comodidad general durante el pedaleo. </p> <p style=""margin-bottom:20px;""> Ideal como reemplazo cuando el sillín original ya está desgastado, ayuda a mantener una experiencia de uso cómoda en traslados urbanos y paseos recreativos. </p> <!-- <p style=""margin-bottom:20px;""> [Párrafo 3 opcional] </p> --> <hr style=""margin:25px 0;""> <h3 style=""margin-bottom:12px;"">Especificaciones Técnicas</h3> <table style=""width:100%; border-collapse:collapse;""> <tr> <td style=""padding:8px; border-bottom:1px solid #ddd;""><b>Tipo de producto</b></td> <td style=""padding:8px; border-bottom:1px solid #ddd;"">Sillín</td> </tr> <tr> <td style=""padding:8px; border-bottom:1px solid #ddd;""><b>Marca</b></td> <td style=""padding:8px; border-bottom:1px solid #ddd;"">Genérico</td> </tr> <tr> <td style=""padding:8px; border-bottom:1px solid #ddd;""><b>Modelo</b></td> <td style=""padding:8px; border-bottom:1px solid #ddd;"">Paseo</td> </tr> <tr> <td style=""padding:8px; border-bottom:1px solid #ddd;""><b>Variante</b></td> <td style=""padding:8px; border-bottom:1px solid #ddd;"">Color: Negro</td> </tr> <tr> <td style=""padding:8px; border-bottom:1px solid #ddd;""><b>Material</b></td> <td style=""padding:8px; border-bottom:1px solid #ddd;"">Cuero sintético,Espuma,Aluminio</td> </tr> <tr> <td style=""padding:8px; border-bottom:1px solid #ddd;""><b>Dimensiones Producto</b></td> <td style=""padding:8px; border-bottom:1px solid #ddd;"">794 g</td> </tr> <tr> <td style=""padding:8px; border-bottom:1px solid #ddd;""><b>Peso completo</b></td> <td style=""padding:8px; border-bottom:1px solid #ddd;"">900 g</td> </tr> <tr> <td style=""padding:8px; border-bottom:1px solid #ddd;""><b>Dimensiones de envío</b></td> <td style=""padding:8px; border-bottom:1px solid #ddd;"">Largo 265 / Ancho 210 / Alto 110</td> </tr> <tr> <td style=""padding:8px; border-bottom:1px solid #ddd;""><b>Observaciones</b></td> <td style=""padding:8px; border-bottom:1px solid #ddd;"">Incluye carro</td> </tr> </table> </div>","Sillín Genérico Paseo en color negro, una opción práctica para uso diario y salidas recreativas en bicicleta.",SIL-GEN-PAS-N,Sillín Genérico Paseo,Sillín Genérico Paseo Negro 794g,Repuestos,Sillines y Tijas,6121500,https://clubike.cl/imagenes/SIL-GEN-PAS-N.jpg,Repuestos / Sillines y Tijas,1,1,Cómodo,Clubike,TRUE
780999000040,2,7809990000402,Sillín,Radical Mountain,Jagged,1,Color,Amarillo,"$10,100","$8,487",A2307,285,160,80,350,340,"Cuero sintético,Espuma,Aluminio",MKR,"$6,670",2,"No incluye carro, Prostatico","<div style=""padding:18px 22px; max-width:900px; margin:auto;""> <p style=""margin-bottom:14px;""> El sillín Radical Mountain Jagged es una alternativa funcional para ciclistas que buscan renovar su bicicleta con un sillín pensado para el uso cotidiano y paseos recreativos. </p> <p style=""margin-bottom:20px;""> Una opción práctica para reemplazar un sillín desgastado y mantener una experiencia de pedaleo más cómoda, con un enfoque simple y directo para el día a día. </p> <!-- <p style=""margin-bottom:20px;""> [Párrafo 3 opcional] </p> --> <hr style=""margin:25px 0;""> <h3 style=""margin-bottom:12px;"">Especificaciones Técnicas</h3> <table style=""width:100%; border-collapse:collapse;""> <tr> <td style=""padding:8px; border-bottom:1px solid #ddd;""><b>Tipo de producto</b></td> <td style=""padding:8px; border-bottom:1px solid #ddd;"">Sillín</td> </tr> <tr> <td style=""padding:8px; border-bottom:1px solid #ddd;""><b>Marca</b></td> <td style=""padding:8px; border-bottom:1px solid #ddd;"">Radical Mountain</td> </tr> <tr> <td style=""padding:8px; border-bottom:1px solid #ddd;""><b>Modelo</b></td> <td style=""padding:8px; border-bottom:1px solid #ddd;"">Jagged</td> </tr> <tr> <td style=""padding:8px; border-bottom:1px solid #ddd;""><b>Variante</b></td> <td style=""padding:8px; border-bottom:1px solid #ddd;"">Color: Amarillo</td> </tr> <tr> <td style=""padding:8px; border-bottom:1px solid #ddd;""><b>Material</b></td> <td style=""padding:8px; border-bottom:1px solid #ddd;"">Cuero sintético,Espuma,Aluminio</td> </tr> <tr> <td style=""padding:8px; border-bottom:1px solid #ddd;""><b>Dimensiones Producto</b></td> <td style=""padding:8px; border-bottom:1px solid #ddd;"">340 g</td> </tr> <tr> <td style=""padding:8px; border-bottom:1px solid #ddd;""><b>Peso completo</b></td> <td style=""padding:8px; border-bottom:1px solid #ddd;"">350 g</td> </tr> <tr> <td style=""padding:8px; border-bottom:1px solid #ddd;""><b>Dimensiones de envío</b></td> <td style=""padding:8px; border-bottom:1px solid #ddd;"">Largo 285 / Ancho 160 / Alto 80</td> </tr> <tr> <td style=""padding:8px; border-bottom:1px solid #ddd;""><b>Observaciones</b></td> <td style=""padding:8px; border-bottom:1px solid #ddd;"">No incluye carro, Prostatico</td> </tr> </table> </div>","Sillín Radical Mountain Jagged para bicicleta, una opción práctica para uso diario y salidas recreativas. Ideal para renovar tu sillín con un estilo llamativo en color amarillo.",SIL-RAD-JAG-A,Sillín Radical Mountain Jagged,Sillín Radical Mountain Jagged Amarillo 340g,Repuestos,Sillines y Tijas,3648000,https://clubike.cl/imagenes/SIL-RAD-JAG-A.jpg,Repuestos / Sillines y Tijas,1,1,Ergonómico,Clubike,TRUE
780999000041,9,7809990000419,Sillín,Radical Mountain,N735,1,Color,Amarillo Neón,"$11,000","$9,244",A2325,330,160,80,366,356,"Cuero sintético,Espuma,Aluminio",MKR,"$7,291",1,"No incluye carro, Prostatico","<div style=""padding:18px 22px; max-width:900px; margin:auto;""> <p style=""margin-bottom:14px;""> El sillín Radical Mountain N735 es una alternativa funcional para quienes buscan renovar su bicicleta con un sillín pensado para el uso cotidiano y paseos recreativos. </p> <p style=""margin-bottom:20px;""> Una opción simple para reemplazar un sillín desgastado y mantener una experiencia de pedaleo más cómoda, cuidando el ajuste según tu estilo de uso. </p> <!-- <p style=""margin-bottom:20px;""> [Párrafo 3 opcional] </p> --> <hr style=""margin:25px 0;""> <h3 style=""margin-bottom:12px;"">Especificaciones Técnicas</h3> <table style=""width:100%; border-collapse:collapse;""> <tr> <td style=""padding:8px; border-bottom:1px solid #ddd;""><b>Tipo de producto</b></td> <td style=""padding:8px; border-bottom:1px solid #ddd;"">Sillín</td> </tr> <tr> <td style=""padding:8px; border-bottom:1px solid #ddd;""><b>Marca</b></td> <td style=""padding:8px; border-bottom:1px solid #ddd;"">Radical Mountain</td> </tr> <tr> <td style=""padding:8px; border-bottom:1px solid #ddd;""><b>Modelo</b></td> <td style=""padding:8px; border-bottom:1px solid #ddd;"">N735</td> </tr> <tr> <td style=""padding:8px; border-bottom:1px solid #ddd;""><b>Variante</b></td> <td style=""padding:8px; border-bottom:1px solid #ddd;"">Color: Amarillo Neón</td> </tr> <tr> <td style=""padding:8px; border-bottom:1px solid #ddd;""><b>Material</b></td> <td style=""padding:8px; border-bottom:1px solid #ddd;"">Cuero sintético,Espuma,Aluminio</td> </tr> <tr> <td style=""padding:8px; border-bottom:1px solid #ddd;""><b>Dimensiones Producto</b></td> <td style=""padding:8px; border-bottom:1px solid #ddd;"">356 g</td> </tr> <tr> <td style=""padding:8px; border-bottom:1px solid #ddd;""><b>Peso completo</b></td> <td style=""padding:8px; border-bottom:1px solid #ddd;"">366 g</td> </tr> <tr> <td style=""padding:8px; border-bottom:1px solid #ddd;""><b>Dimensiones de envío</b></td> <td style=""padding:8px; border-bottom:1px solid #ddd;"">Largo 330 / Ancho 160 / Alto 80</td> </tr> <tr> <td style=""padding:8px; border-bottom:1px solid #ddd;""><b>Observaciones</b></td> <td style=""padding:8px; border-bottom:1px solid #ddd;"">No incluye carro, Prostatico</td> </tr> </table> </div>","Sillín Radical Mountain N735 para bicicleta en color Amarillo Neón, una opción práctica para uso diario y salidas recreativas.",SIL-RAD-N73-A,Sillín Radical Mountain N735,Sillín Radical Mountain N735 Amarillo Neón 356g,Repuestos,Sillines y Tijas,4224000,https://clubike.cl/imagenes/SIL-RAD-N73-A.jpg,Repuestos / Sillines y Tijas,1,1,Ergonómico,Clubike,TRUE
780999000042,6,7809990000426,Sillín,Genérico,Prostático 1,1,Color,Mate Negro,"$8,500","$7,143",,275,170,110,465,333,"Cuero sintético,Espuma,Aluminio",No registra,"$6,538",1,Incluye carro,"<div style=""padding:18px 22px; max-width:900px; margin:auto;""> <p style=""margin-bottom:14px;""> El sillín Genérico Prostático 1 es una opción funcional para renovar tu bicicleta con un sillín orientado a un uso cotidiano y recreativo. </p> <p style=""margin-bottom:20px;""> Una alternativa simple para reemplazar un sillín desgastado y mantener una sensación de pedaleo cómoda, cuidando el ajuste según tu estilo de uso. </p> <!-- <p style=""margin-bottom:20px;""> [Párrafo 3 opcional] </p> --> <hr style=""margin:25px 0;""> <h3 style=""margin-bottom:12px;"">Especificaciones Técnicas</h3> <table style=""width:100%; border-collapse:collapse;""> <tr> <td style=""padding:8px; border-bottom:1px solid #ddd;""><b>Tipo de producto</b></td> <td style=""padding:8px; border-bottom:1px solid #ddd;"">Sillín</td> </tr> <tr> <td style=""padding:8px; border-bottom:1px solid #ddd;""><b>Marca</b></td> <td style=""padding:8px; border-bottom:1px solid #ddd;"">Genérico</td> </tr> <tr> <td style=""padding:8px; border-bottom:1px solid #ddd;""><b>Modelo</b></td> <td style=""padding:8px; border-bottom:1px solid #ddd;"">Prostático 1</td> </tr> <tr> <td style=""padding:8px; border-bottom:1px solid #ddd;""><b>Variante</b></td> <td style=""padding:8px; border-bottom:1px solid #ddd;"">Color: Mate Negro</td> </tr> <tr> <td style=""padding:8px; border-bottom:1px solid #ddd;""><b>Material</b></td> <td style=""padding:8px; border-bottom:1px solid #ddd;"">Cuero sintético,Espuma,Aluminio</td> </tr> <tr> <td style=""padding:8px; border-bottom:1px solid #ddd;""><b>Dimensiones Producto</b></td> <td style=""padding:8px; border-bottom:1px solid #ddd;"">333 g</td> </tr> <tr> <td style=""padding:8px; border-bottom:1px solid #ddd;""><b>Peso completo</b></td> <td style=""padding:8px; border-bottom:1px solid #ddd;"">465 g</td> </tr> <tr> <td style=""padding:8px; border-bottom:1px solid #ddd;""><b>Dimensiones de envío</b></td> <td style=""padding:8px; border-bottom:1px solid #ddd;"">Largo 275 / Ancho 170 / Alto 110</td> </tr> <tr> <td style=""padding:8px; border-bottom:1px solid #ddd;""><b>Observaciones</b></td> <td style=""padding:8px; border-bottom:1px solid #ddd;"">Incluye carro</td> </tr> </table> </div>","Sillín Genérico Prostático 1 para bicicleta, pensado para quienes buscan una alternativa práctica para uso diario y salidas recreativas.",SIL-GEN-PRO-M,Sillín Genérico Prostático 1,Sillín Genérico Prostático 1 Mate Negro 333g,Repuestos,Sillines y Tijas,5142500,https://clubike.cl/imagenes/SIL-GEN-PRO-M.jpg,Repuestos / Sillines y Tijas,1,1,Ergonómico,Clubike,TRUE
780999000043,3,7809990000433,Sillín,Generico,Infantil,1,Diseño,Urbano,"$5,400","$4,538",,225,140,100,391,249,"Cuero sintético,Espuma,Aluminio",No registra,"$4,154",1,Incluye carro,"<div style=""padding:18px 22px; max-width:900px; margin:auto;""> <p style=""margin-bottom:14px;""> El sillín Generico modelo Infantil con diseño Urbano es una alternativa funcional para quienes buscan renovar su bicicleta con una opción simple para el uso cotidiano. </p> <p style=""margin-bottom:20px;""> Ideal como reemplazo cuando el sillín original ya está desgastado, ayuda a mantener una experiencia de pedaleo cómoda en traslados y paseos recreativos. </p> <!-- <p style=""margin-bottom:20px;""> [Párrafo 3 opcional] </p> --> <hr style=""margin:25px 0;""> <h3 style=""margin-bottom:12px;"">Especificaciones Técnicas</h3> <table style=""width:100%; border-collapse:collapse;""> <tr> <td style=""padding:8px; border-bottom:1px solid #ddd;""><b>Tipo de producto</b></td> <td style=""padding:8px; border-bottom:1px solid #ddd;"">Sillín</td> </tr> <tr> <td style=""padding:8px; border-bottom:1px solid #ddd;""><b>Marca</b></td> <td style=""padding:8px; border-bottom:1px solid #ddd;"">Generico</td> </tr> <tr> <td style=""padding:8px; border-bottom:1px solid #ddd;""><b>Modelo</b></td> <td style=""padding:8px; border-bottom:1px solid #ddd;"">Infantil</td> </tr> <tr> <td style=""padding:8px; border-bottom:1px solid #ddd;""><b>Variante</b></td> <td style=""padding:8px; border-bottom:1px solid #ddd;"">Diseño: Urbano</td> </tr> <tr> <td style=""padding:8px; border-bottom:1px solid #ddd;""><b>Material</b></td> <td style=""padding:8px; border-bottom:1px solid #ddd;"">Cuero sintético, Espuma, Aluminio</td> </tr> <tr> <td style=""padding:8px; border-bottom:1px solid #ddd;""><b>Dimensiones Producto</b></td> <td style=""padding:8px; border-bottom:1px solid #ddd;"">249 g</td> </tr> <tr> <td style=""padding:8px; border-bottom:1px solid #ddd;""><b>Peso completo</b></td> <td style=""padding:8px; border-bottom:1px solid #ddd;"">391 g</td> </tr> <tr> <td style=""padding:8px; border-bottom:1px solid #ddd;""><b>Dimensiones de envío</b></td> <td style=""padding:8px; border-bottom:1px solid #ddd;"">Largo 225 / Ancho 140 / Alto 100</td> </tr> <tr> <td style=""padding:8px; border-bottom:1px solid #ddd;""><b>Observaciones</b></td> <td style=""padding:8px; border-bottom:1px solid #ddd;"">Incluye carro</td> </tr> </table> </div>","Sillín Generico Infantil (diseño Urbano) para bicicleta, una opción práctica para uso diario y salidas recreativas.",SIL-GEN-INF-U,Sillín Generico Infantil,Sillín Generico Infantil Urbano 249g,Repuestos,Sillines y Tijas,3150000,https://clubike.cl/imagenes/SIL-GEN-INF-U.jpg,Repuestos / Sillines y Tijas,1,1,"Urbano, Infantil, Cómodo",Clubike,TRUE
780999000044,0,7809990000440,Sillín,Vertu,CCAV-5,1,Color,Verde,"$45,000","$37,815",,282,130,64,198,188,"Cuero sintético,Espuma,Aluminio",No registra,"$34,615",1,No incluye carro,"<div style=""padding:18px 22px; max-width:900px; margin:auto;""> <p style=""margin-bottom:14px;""> El sillín Vertu CCAV-5 está pensado para quienes buscan una alternativa funcional para renovar su bicicleta con una opción simple para el día a día. </p> <p style=""margin-bottom:20px;""> Ideal como reemplazo cuando el sillín original ya está desgastado, ayuda a mantener una experiencia de pedaleo cómoda en trayectos urbanos y salidas recreativas. </p> <!-- <p style=""margin-bottom:20px;""> [Párrafo 3 opcional] </p> --> <hr style=""margin:25px 0;""> <h3 style=""margin-bottom:12px;"">Especificaciones Técnicas</h3> <table style=""width:100%; border-collapse:collapse;""> <tr> <td style=""padding:8px; border-bottom:1px solid #ddd;""><b>Tipo de producto</b></td> <td style=""padding:8px; border-bottom:1px solid #ddd;"">Sillín</td> </tr> <tr> <td style=""padding:8px; border-bottom:1px solid #ddd;""><b>Marca</b></td> <td style=""padding:8px; border-bottom:1px solid #ddd;"">Vertu</td> </tr> <tr> <td style=""padding:8px; border-bottom:1px solid #ddd;""><b>Modelo</b></td> <td style=""padding:8px; border-bottom:1px solid #ddd;"">CCAV-5</td> </tr> <tr> <td style=""padding:8px; border-bottom:1px solid #ddd;""><b>Variante</b></td> <td style=""padding:8px; border-bottom:1px solid #ddd;"">Color: Verde</td> </tr> <tr> <td style=""padding:8px; border-bottom:1px solid #ddd;""><b>Material</b></td> <td style=""padding:8px; border-bottom:1px solid #ddd;"">Cuero sintético, Espuma, Aluminio</td> </tr> <tr> <td style=""padding:8px; border-bottom:1px solid #ddd;""><b>Dimensiones Producto</b></td> <td style=""padding:8px; border-bottom:1px solid #ddd;"">188 g</td> </tr> <tr> <td style=""padding:8px; border-bottom:1px solid #ddd;""><b>Peso completo</b></td> <td style=""padding:8px; border-bottom:1px solid #ddd;"">198 g</td> </tr> <tr> <td style=""padding:8px; border-bottom:1px solid #ddd;""><b>Dimensiones de envío</b></td> <td style=""padding:8px; border-bottom:1px solid #ddd;"">Largo 282 / Ancho 130 / Alto 64</td> </tr> <tr> <td style=""padding:8px; border-bottom:1px solid #ddd;""><b>Observaciones</b></td> <td style=""padding:8px; border-bottom:1px solid #ddd;"">No incluye carro</td> </tr> </table> </div>","Sillín Vertu CCAV-5 para bicicleta, una opción práctica para reemplazo y uso diario o recreativo.",SIL-VER-CCA-V,Sillín Vertu CCAV-5,Sillín Vertu CCAV-5 Verde 188g,Repuestos,Sillines y Tijas,2346240,https://clubike.cl/imagenes/SIL-VER-CCA-V.jpg,Repuestos / Sillines y Tijas,1,1,Cómodo,Clubike,TRUE
780999000045,7,7809990000457,Cubre sillín,Genérico,Prostatico,1,Color,Negro,"$7,000","$5,882",,290,195,40,140,130,"Cuero sintético,Espuma,Aluminio",No registra,"$5,385",1,,"<div style=""padding:18px 22px; max-width:900px; margin:auto;""> <p style=""margin-bottom:14px;""> El cubre sillín Genérico Prostatico es una alternativa práctica para quienes buscan proteger el sillín de su bicicleta y mantenerlo en mejor estado con el uso diario. </p> <p style=""margin-bottom:20px;""> Se utiliza como funda sobre el sillín, aportando una capa extra de protección para trayectos urbanos y salidas recreativas, sin complicaciones en su uso general. </p> <!-- <p style=""margin-bottom:20px;""> [Párrafo 3 opcional] </p> --> <hr style=""margin:25px 0;""> <h3 style=""margin-bottom:12px;"">Especificaciones Técnicas</h3> <table style=""width:100%; border-collapse:collapse;""> <tr> <td style=""padding:8px; border-bottom:1px solid #ddd;""><b>Tipo de producto</b></td> <td style=""padding:8px; border-bottom:1px solid #ddd;"">Cubre sillín</td> </tr> <tr> <td style=""padding:8px; border-bottom:1px solid #ddd;""><b>Marca</b></td> <td style=""padding:8px; border-bottom:1px solid #ddd;"">Genérico</td> </tr> <tr> <td style=""padding:8px; border-bottom:1px solid #ddd;""><b>Modelo</b></td> <td style=""padding:8px; border-bottom:1px solid #ddd;"">Prostatico</td> </tr> <tr> <td style=""padding:8px; border-bottom:1px solid #ddd;""><b>Variante</b></td> <td style=""padding:8px; border-bottom:1px solid #ddd;"">Color: Negro</td> </tr> <tr> <td style=""padding:8px; border-bottom:1px solid #ddd;""><b>Material</b></td> <td style=""padding:8px; border-bottom:1px solid #ddd;"">Cuero sintético, Espuma, Aluminio</td> </tr> <tr> <td style=""padding:8px; border-bottom:1px solid #ddd;""><b>Dimensiones Producto</b></td> <td style=""padding:8px; border-bottom:1px solid #ddd;"">130 g</td> </tr> <tr> <td style=""padding:8px; border-bottom:1px solid #ddd;""><b>Peso completo</b></td> <td style=""padding:8px; border-bottom:1px solid #ddd;"">140 g</td> </tr> <tr> <td style=""padding:8px; border-bottom:1px solid #ddd;""><b>Dimensiones de envío</b></td> <td style=""padding:8px; border-bottom:1px solid #ddd;"">Largo 290 / Ancho 195 / Alto 40</td> </tr> </table> </div>","Cubre sillín Genérico Prostatico para bicicleta, pensado para proteger el sillín y darle un uso más cómodo en el día a día.",CUB-GEN-PRO-N,Cubre sillín Genérico Prostatico,Cubre sillín Genérico Prostatico Negro 130g,Accesorios,Fundas y Cojín,2262000,https://clubike.cl/imagenes/CUB-GEN-PRO-N.jpg,Accesorios / Fundas y Cojín,1,1,Ergonómico,Clubike,TRUE
780999000046,4,7809990000464,Sillín,Radical Mountain,Franjas Paralelas,1,Color,Verde,"$9,900","$8,319",A2314,330,160,80,325,310,"Cuero sintético,Espuma,Aluminio",MKR,"$6,747",2,"No incluye carro, Prostatico","<div style=""padding:18px 22px; max-width:900px; margin:auto;""> <p style=""margin-bottom:14px;""> El sillín Radical Mountain Franjas Paralelas está pensado para ciclistas que buscan una alternativa funcional para renovar su bicicleta y seguir pedaleando con comodidad en el día a día. </p> <p style=""margin-bottom:20px;""> Es una opción práctica para reemplazar un sillín desgastado y mantener una postura estable, ajustando la posición según tu estilo de uso. </p> <!-- <p style=""margin-bottom:20px;""> [Párrafo 3 opcional] </p> --> <hr style=""margin:25px 0;""> <h3 style=""margin-bottom:12px;"">Especificaciones Técnicas</h3> <table style=""width:100%; border-collapse:collapse;""> <tr> <td style=""padding:8px; border-bottom:1px solid #ddd;""><b>Tipo de producto</b></td> <td style=""padding:8px; border-bottom:1px solid #ddd;"">Sillín</td> </tr> <tr> <td style=""padding:8px; border-bottom:1px solid #ddd;""><b>Marca</b></td> <td style=""padding:8px; border-bottom:1px solid #ddd;"">Radical Mountain</td> </tr> <tr> <td style=""padding:8px; border-bottom:1px solid #ddd;""><b>Modelo</b></td> <td style=""padding:8px; border-bottom:1px solid #ddd;"">Franjas Paralelas</td> </tr> <tr> <td style=""padding:8px; border-bottom:1px solid #ddd;""><b>Variante</b></td> <td style=""padding:8px; border-bottom:1px solid #ddd;"">Color: Verde</td> </tr> <tr> <td style=""padding:8px; border-bottom:1px solid #ddd;""><b>Material</b></td> <td style=""padding:8px; border-bottom:1px solid #ddd;"">Cuero sintético, Espuma, Aluminio</td> </tr> <tr> <td style=""padding:8px; border-bottom:1px solid #ddd;""><b>Dimensiones Producto</b></td> <td style=""padding:8px; border-bottom:1px solid #ddd;"">310 g</td> </tr> <tr> <td style=""padding:8px; border-bottom:1px solid #ddd;""><b>Peso completo</b></td> <td style=""padding:8px; border-bottom:1px solid #ddd;"">325 g</td> </tr> <tr> <td style=""padding:8px; border-bottom:1px solid #ddd;""><b>Dimensiones de envío</b></td> <td style=""padding:8px; border-bottom:1px solid #ddd;"">Largo 330 / Ancho 160 / Alto 80</td> </tr> <tr> <td style=""padding:8px; border-bottom:1px solid #ddd;""><b>Observaciones</b></td> <td style=""padding:8px; border-bottom:1px solid #ddd;"">No incluye carro, Prostatico</td> </tr> </table> </div>","Sillín Radical Mountain Franjas Paralelas para bicicleta, ideal para uso diario y salidas recreativas con una opción práctica de recambio.",SIL-RAD-FRA-V,Sillín Radical Mountain Franjas Paralelas,Sillín Radical Mountain Franjas Paralelas Verde 310g,Repuestos,Sillines y Tijas,4224000,https://clubike.cl/imagenes/SIL-RAD-FRA-V.jpg,Repuestos / Sillines y Tijas,1,1, Ergonómico,Clubike,TRUE
780999000047,1,7809990000471,Sillín,RBX,Ergonomico,1,Color,Negro,"$13,000","$10,924",15564,255,175,85,405,395,"Cuero sintético,Espuma,Aluminio",No registra,"$10,000",1,No incluye carro,"<div style=""padding:18px 22px; max-width:900px; margin:auto;""> <p style=""margin-bottom:14px;""> El sillín RBX Ergonomico está pensado para quienes buscan renovar su bicicleta con una opción funcional y simple para el día a día. </p> <p style=""margin-bottom:20px;""> Es una alternativa útil para reemplazar un sillín desgastado y seguir pedaleando con una sensación de uso cómoda, ajustando la posición según tu estilo de manejo. </p> <!-- <p style=""margin-bottom:20px;""> [Párrafo 3 opcional] </p> --> <hr style=""margin:25px 0;""> <h3 style=""margin-bottom:12px;"">Especificaciones Técnicas</h3> <table style=""width:100%; border-collapse:collapse;""> <tr> <td style=""padding:8px; border-bottom:1px solid #ddd;""><b>Tipo de producto</b></td> <td style=""padding:8px; border-bottom:1px solid #ddd;"">Sillín</td> </tr> <tr> <td style=""padding:8px; border-bottom:1px solid #ddd;""><b>Marca</b></td> <td style=""padding:8px; border-bottom:1px solid #ddd;"">RBX</td> </tr> <tr> <td style=""padding:8px; border-bottom:1px solid #ddd;""><b>Modelo</b></td> <td style=""padding:8px; border-bottom:1px solid #ddd;"">Ergonomico</td> </tr> <tr> <td style=""padding:8px; border-bottom:1px solid #ddd;""><b>Variante</b></td> <td style=""padding:8px; border-bottom:1px solid #ddd;"">Color: Negro</td> </tr> <tr> <td style=""padding:8px; border-bottom:1px solid #ddd;""><b>Material</b></td> <td style=""padding:8px; border-bottom:1px solid #ddd;"">Cuero sintético, Espuma, Aluminio</td> </tr> <tr> <td style=""padding:8px; border-bottom:1px solid #ddd;""><b>Dimensiones Producto</b></td> <td style=""padding:8px; border-bottom:1px solid #ddd;"">395 g</td> </tr> <tr> <td style=""padding:8px; border-bottom:1px solid #ddd;""><b>Peso completo</b></td> <td style=""padding:8px; border-bottom:1px solid #ddd;"">405 g</td> </tr> <tr> <td style=""padding:8px; border-bottom:1px solid #ddd;""><b>Dimensiones de envío</b></td> <td style=""padding:8px; border-bottom:1px solid #ddd;"">Largo 255 / Ancho 175 / Alto 85</td> </tr> <tr> <td style=""padding:8px; border-bottom:1px solid #ddd;""><b>Observaciones</b></td> <td style=""padding:8px; border-bottom:1px solid #ddd;"">No incluye carro</td> </tr> </table> </div>","Sillín RBX Ergonomico para bicicleta, una opción práctica para recambio y uso cotidiano.",SIL-RBX-ERG-N,Sillín RBX Ergonomico,Sillín RBX Ergonomico Negro 395g,Repuestos,Sillines y Tijas,3793125,https://clubike.cl/imagenes/SIL-RBX-ERG-N.jpg,Repuestos / Sillines y Tijas,1,1,Ergonómico,Clubike,TRUE
780999000048,8,7809990000488,Sillín,Radical Mountain,Jagged,1,Color,Rojo,"$10,100","$8,487",A2307,285,160,80,350,340,"Cuero sintético,Espuma,Aluminio",MKR,"$6,670",2,"No incluye carro, Prostatico","<div style=""padding:18px 22px; max-width:900px; margin:auto;""> <p style=""margin-bottom:14px;""> El sillín Radical Mountain Jagged es una opción funcional para quienes buscan reemplazar su sillín y seguir pedaleando con una sensación de uso cómoda en el día a día. </p> <p style=""margin-bottom:20px;""> Una alternativa práctica para mantener tu bicicleta lista para trayectos urbanos y paseos recreativos, cuidando el ajuste y la posición según tu estilo de pedaleo. </p> <!-- <p style=""margin-bottom:20px;""> [Párrafo 3 opcional] </p> --> <hr style=""margin:25px 0;""> <h3 style=""margin-bottom:12px;"">Especificaciones Técnicas</h3> <table style=""width:100%; border-collapse:collapse;""> <tr> <td style=""padding:8px; border-bottom:1px solid #ddd;""><b>Tipo de producto</b></td> <td style=""padding:8px; border-bottom:1px solid #ddd;"">Sillín</td> </tr> <tr> <td style=""padding:8px; border-bottom:1px solid #ddd;""><b>Marca</b></td> <td style=""padding:8px; border-bottom:1px solid #ddd;"">Radical Mountain</td> </tr> <tr> <td style=""padding:8px; border-bottom:1px solid #ddd;""><b>Modelo</b></td> <td style=""padding:8px; border-bottom:1px solid #ddd;"">Jagged</td> </tr> <tr> <td style=""padding:8px; border-bottom:1px solid #ddd;""><b>Variante</b></td> <td style=""padding:8px; border-bottom:1px solid #ddd;"">Color: Rojo</td> </tr> <tr> <td style=""padding:8px; border-bottom:1px solid #ddd;""><b>Material</b></td> <td style=""padding:8px; border-bottom:1px solid #ddd;"">Cuero sintético,Espuma,Aluminio</td> </tr> <tr> <td style=""padding:8px; border-bottom:1px solid #ddd;""><b>Dimensiones Producto</b></td> <td style=""padding:8px; border-bottom:1px solid #ddd;"">340 g</td> </tr> <tr> <td style=""padding:8px; border-bottom:1px solid #ddd;""><b>Peso completo</b></td> <td style=""padding:8px; border-bottom:1px solid #ddd;"">350 g</td> </tr> <tr> <td style=""padding:8px; border-bottom:1px solid #ddd;""><b>Dimensiones de envío</b></td> <td style=""padding:8px; border-bottom:1px solid #ddd;"">Largo 285 / Ancho 160 / Alto 80</td> </tr> <tr> <td style=""padding:8px; border-bottom:1px solid #ddd;""><b>Observaciones</b></td> <td style=""padding:8px; border-bottom:1px solid #ddd;"">No incluye carro, Prostatico</td> </tr> </table> </div>","Sillín Radical Mountain Jagged para bicicleta, pensado para renovar tu sillín y acompañar el uso diario y salidas recreativas.",SIL-RAD-JAG-R,Sillín Radical Mountain Jagged,Sillín Radical Mountain Jagged Rojo 340g,Repuestos,Sillines y Tijas,3648000,https://clubike.cl/imagenes/SIL-RAD-JAG-R.jpg,Repuestos / Sillines y Tijas,1,1,Ergonómico,Clubike,TRUE
780999000049,5,7809990000495,Sillín,Radical Mountain,Archipielágo,1,Color,Amarillo Neón,"$9,900","$8,319",A2313,320,155,60,350,320,"Cuero sintético,Espuma,Aluminio",MKR,"$6,747",2,"No incluye carro, Prostatico","<div style=""padding:18px 22px; max-width:900px; margin:auto;""> <p style=""margin-bottom:14px;""> El sillín Radical Mountain Archipielágo es una alternativa funcional para renovar tu bicicleta con una opción pensada para el uso cotidiano. </p> <p style=""margin-bottom:20px;""> Adecuado como reemplazo de un sillín desgastado, acompaña tus trayectos urbanos y salidas recreativas con una experiencia de pedaleo cómoda y estable. </p> <!-- <p style=""margin-bottom:20px;""> [Párrafo 3 opcional] </p> --> <hr style=""margin:25px 0;""> <h3 style=""margin-bottom:12px;"">Especificaciones Técnicas</h3> <table style=""width:100%; border-collapse:collapse;""> <tr> <td style=""padding:8px; border-bottom:1px solid #ddd;""><b>Tipo de producto</b></td> <td style=""padding:8px; border-bottom:1px solid #ddd;"">Sillín</td> </tr> <tr> <td style=""padding:8px; border-bottom:1px solid #ddd;""><b>Marca</b></td> <td style=""padding:8px; border-bottom:1px solid #ddd;"">Radical Mountain</td> </tr> <tr> <td style=""padding:8px; border-bottom:1px solid #ddd;""><b>Modelo</b></td> <td style=""padding:8px; border-bottom:1px solid #ddd;"">Archipielágo</td> </tr> <tr> <td style=""padding:8px; border-bottom:1px solid #ddd;""><b>Variante</b></td> <td style=""padding:8px; border-bottom:1px solid #ddd;"">Color: Amarillo Neón</td> </tr> <tr> <td style=""padding:8px; border-bottom:1px solid #ddd;""><b>Material</b></td> <td style=""padding:8px; border-bottom:1px solid #ddd;"">Cuero sintético,Espuma,Aluminio</td> </tr> <tr> <td style=""padding:8px; border-bottom:1px solid #ddd;""><b>Dimensiones Producto</b></td> <td style=""padding:8px; border-bottom:1px solid #ddd;"">320 g</td> </tr> <tr> <td style=""padding:8px; border-bottom:1px solid #ddd;""><b>Peso completo</b></td> <td style=""padding:8px; border-bottom:1px solid #ddd;"">350 g</td> </tr> <tr> <td style=""padding:8px; border-bottom:1px solid #ddd;""><b>Dimensiones de envío</b></td> <td style=""padding:8px; border-bottom:1px solid #ddd;"">Largo 320 / Ancho 155 / Alto 60</td> </tr> <tr> <td style=""padding:8px; border-bottom:1px solid #ddd;""><b>Observaciones</b></td> <td style=""padding:8px; border-bottom:1px solid #ddd;"">No incluye carro, Prostatico</td> </tr> </table> </div>","Sillín Radical Mountain Archipielágo para bicicleta, ideal para uso diario y paseos recreativos.",SIL-RAD-ARC-A,Sillín Radical Mountain Archipielágo,Sillín Radical Mountain Archipielágo Amarillo Neón 320g,Repuestos,Sillines y Tijas,2976000,https://clubike.cl/imagenes/SIL-RAD-ARC-A.jpg,Repuestos / Sillines y Tijas,1,1,Ergonómico,Clubike,TRUE
